USER_EMAIL,PRODUCT_CODE,ORDER_DATE
john.doe@example.com,P011,2024-02-28
john.doe@example.com,P001,2024-02-25
ryan.garcia@example.com,P008,2024-02-22
emma.watson@example.com,P010,2024-02-20
lily.parker@example.com,P002,2024-02-18
michael.jordan@example.com,P006,2024-02-15
jane.smith@example.com,P009,2024-02-10
william.knight@example.com,P005,2024-02-08
sophie.turner@example.com,P004,2024-02-05
ryan.garcia@example.com,P007,2024-02-01
emma.watson@example.com,P003,2024-01-28
olivia.perez@example.com,P050,2024-01-25
sophie.turner@example.com,P006,2024-01-20
lily.parker@example.com,P009,2024-01-18
michael.jordan@example.com,P005,2024-01-15
ryan.garcia@example.com,P004,2024-01-10
jane.smith@example.com,P005,2024-01-08
john.doe@example.com,P003,2024-01-05
olivia.perez@example.com,P002,2024-01-02
william.knight@example.com,P008,2023-12-28
lily.parker@example.com,P019,2023-12-25
john.doe@example.com,P007,2023-12-20
sophie.turner@example.com,P004,2023-12-18
emma.watson@example.com,P006,2023-12-15
jane.smith@example.com,P010,2023-12-10
michael.jordan@example.com,P005,2023-12-08
alex.jones@example.com,P001,2023-12-05
ryan.garcia@example.com,P009,2023-12-02
william.knight@example.com,P008,2023-11-28
olivia.perez@example.com,P003,2023-11-25
sophie.turner@example.com,P006,2023-11-20
lily.parker@example.com,P010,2023-11-18
john.doe@example.com,P002,2023-11-15
emma.watson@example.com,P007,2023-11-10
olivia.perez@example.com,P004,2023-11-08
william.knight@example.com,P005,2023-11-05
michael.jordan@example.com,P008,2023-11-02
jane.smith@example.com,P010,2023-10-28
ryan.garcia@example.com,P005,2023-10-25
sophie.turner@example.com,P002,2023-10-20
lily.parker@example.com,P009,2023-10-18
john.doe@example.com,P003,2023-10-15
emma.watson@example.com,P001,2023-10-10
jane.smith@example.com,P008,2023-10-08
michael.jordan@example.com,P005,2023-10-05
ryan.garcia@example.com,P009,2023-10-02
sophie.turner@example.com,P006,2023-09-28
william.knight@example.com,P004,2023-09-25
olivia.perez@example.com,P010,2023-09-20
lily.parker@example.com,P002,2023-09-18
john.doe@example.com,P009,2024-02-28
john.doe@example.com,P001,2024-02-25
ryan.garcia@example.com,P008,2024-02-22
emma.watson@example.com,P010,2024-02-20
lily.parker@example.com,P002,2024-02-18
michael.jordan@example.com,P006,2024-02-15
jane.smith@example.com,P009,2024-02-10
william.knight@example.com,P005,2024-02-08
sophie.turner@example.com,P004,2024-02-05
ryan.garcia@example.com,P007,2024-02-01
emma.watson@example.com,P003,2024-01-28
olivia.perez@example.com,P010,2024-01-25
sophie.turner@example.com,P006,2024-01-20
lily.parker@example.com,P009,2024-01-18
michael.jordan@example.com,P005,2024-01-15
ryan.garcia@example.com,P004,2024-01-10
jane.smith@example.com,P005,2024-01-08
john.doe@example.com,P003,2024-01-05
olivia.perez@example.com,P002,2024-01-02
william.knight@example.com,P008,2023-12-28
lily.parker@example.com,P009,2023-12-25
john.doe@example.com,P007,2023-12-20
sophie.turner@example.com,P004,2023-12-18
emma.watson@example.com,P006,2023-12-15
jane.smith@example.com,P010,2023-12-10
michael.jordan@example.com,P005,2023-12-08
alex.jones@example.com,P001,2023-12-05
ryan.garcia@example.com,P009,2023-12-02
william.knight@example.com,P008,2023-11-28
olivia.perez@example.com,P003,2023-11-25
sophie.turner@example.com,P006,2023-11-20
lily.parker@example.com,P010,2023-11-18
john.doe@example.com,P002,2023-11-15
emma.watson@example.com,P007,2023-11-10
olivia.perez@example.com,P004,2023-11-08
william.knight@example.com,P005,2023-11-05
michael.jordan@example.com,P008,2023-11-02
jane.smith@example.com,P010,2023-10-28
ryan.garcia@example.com,P005,2023-10-25
sophie.turner@example.com,P002,2023-10-20
lily.parker@example.com,P009,2023-10-18
john.doe@example.com,P003,2023-10-15
emma.watson@example.com,P001,2023-10-10
jane.smith@example.com,P008,2023-10-08
michael.jordan@example.com,P005,2023-10-05
ryan.garcia@example.com,P009,2023-10-02
sophie.turner@example.com,P006,2023-09-28
william.knight@example.com,P004,2023-09-25
olivia.perez@example.com,P010,2023-09-20
lily.parker@example.com,P002,2023-09-18
